0,0,18,1220,3.53143366761856E7,-1.0,-1.0,scratch,repertoire,10000,0.9,0.75,0.1,"1212,false,0.5,0.7,1.0,0.5,150.0,200.0,300.0,80.0,3.0,1.5384615384615385,2.0,3.2,0.05,0.01,0.05,0.05,0.1,0.1,1.0,0.0",13.0,1,"prune-sequence-take-second"
0,1,18,1044,3.53117510985409E7,-1.0,-1.0,scratch,repertoire,10000,0.9,0.75,0.1,"1212,false,0.5,0.7,1.0,0.5,150.0,200.0,300.0,80.0,3.0,1.5384615384615385,2.0,3.2,0.05,0.01,0.05,0.05,0.1,0.1,1.0,0.0",17.0,1,"prune-sequence-take-second"
0,2,18,1359,3.530916552089621E7,-1.0,-1.0,scratch,repertoire,10000,0.9,0.75,0.1,"1212,false,0.5,0.7,1.0,0.5,150.0,200.0,300.0,80.0,3.0,1.5384615384615385,2.0,3.2,0.05,0.01,0.05,0.05,0.1,0.1,1.0,0.0",22.0,1,"prune-sequence-take-second"
0,3,18,1736,3.540763623501367E7,-1.0,-1.0,scratch,repertoire,10000,0.9,0.75,0.1,"1212,false,0.5,0.7,1.0,0.5,150.0,200.0,300.0,80.0,3.0,1.5384615384615385,2.0,3.2,0.05,0.01,0.05,0.05,0.1,0.1,1.0,0.0",26.0,1,"prune-sequence-take-second"
0,4,18,2042,3.5426773843800604E7,-1.0,-1.0,scratch,repertoire,10000,0.9,0.75,0.1,"1212,false,0.5,0.7,1.0,0.5,150.0,200.0,300.0,80.0,3.0,1.5384615384615385,2.0,3.2,0.05,0.01,0.05,0.05,0.1,0.1,1.0,0.0",30.0,1,"prune-sequence-take-second"
0,5,18,2404,3.550452533686597E7,-1.0,-1.0,scratch,repertoire,10000,0.9,0.75,0.1,"1212,false,0.5,0.7,1.0,0.5,150.0,200.0,300.0,80.0,3.0,1.5384615384615385,2.0,3.2,0.05,0.01,0.05,0.05,0.1,0.1,1.0,0.0",36.0,1,"prune-sequence-take-second"
0,6,18,3466,3.568669474136441E7,-1.0,-1.0,scratch,repertoire,10000,0.9,0.75,0.1,"1212,false,0.5,0.7,1.0,0.5,150.0,200.0,300.0,80.0,3.0,1.5384615384615385,2.0,3.2,0.05,0.01,0.05,0.05,0.1,0.1,1.0,0.0",35.0,1,"prune-sequence-take-second"
0,7,18,3628,3.5678842646822095E7,-1.0,-1.0,scratch,repertoire,10000,0.9,0.75,0.1,"1212,false,0.5,0.7,1.0,0.5,150.0,200.0,300.0,80.0,3.0,1.5384615384615385,2.0,3.2,0.05,0.01,0.05,0.05,0.1,0.1,1.0,0.0",36.0,1,"prune-sequence-take-second"
0,8,18,4874,3.56657558225849E7,-1.0,-1.0,scratch,repertoire,10000,0.9,0.75,0.1,"1212,false,0.5,0.7,1.0,0.5,150.0,200.0,300.0,80.0,3.0,1.5384615384615385,2.0,3.2,0.05,0.01,0.05,0.05,0.1,0.1,1.0,0.0",39.0,1,"prune-sequence-take-second"
0,9,18,5850,3.5650051633500256E7,-1.0,-1.0,scratch,repertoire,10000,0.9,0.75,0.1,"1212,false,0.5,0.7,1.0,0.5,150.0,200.0,300.0,80.0,3.0,1.5384615384615385,2.0,3.2,0.05,0.01,0.05,0.05,0.1,0.1,1.0,0.0",43.0,1,"prune-sequence-take-second"
0,10,18,7137,3.563173007956818E7,-1.0,-1.0,scratch,repertoire,10000,0.9,0.75,0.1,"1212,false,0.5,0.7,1.0,0.5,150.0,200.0,300.0,80.0,3.0,1.5384615384615385,2.0,3.2,0.05,0.01,0.05,0.05,0.1,0.1,1.0,0.0",42.0,1,"prune-sequence-take-second"
0,11,18,8849,3.560817379594122E7,-1.0,-1.0,scratch,repertoire,10000,0.9,0.75,0.1,"1212,false,0.5,0.7,1.0,0.5,150.0,200.0,300.0,80.0,3.0,1.5384615384615385,2.0,3.2,0.05,0.01,0.05,0.05,0.1,0.1,1.0,0.0",37.0,1,"prune-sequence-take-second"
0,12,18,11838,3.557676541777195E7,-1.0,-1.0,scratch,repertoire,10000,0.9,0.75,0.1,"1212,false,0.5,0.7,1.0,0.5,150.0,200.0,300.0,80.0,3.0,1.5384615384615385,2.0,3.2,0.05,0.01,0.05,0.05,0.1,0.1,1.0,0.0",30.0,1,"prune-sequence-take-second"
0,13,18,13054,3.554273967475523E7,-1.0,-1.0,scratch,repertoire,10000,0.9,0.75,0.1,"1212,false,0.5,0.7,1.0,0.5,150.0,200.0,300.0,80.0,3.0,1.5384615384615385,2.0,3.2,0.05,0.01,0.05,0.05,0.1,0.1,1.0,0.0",24.0,1,"prune-sequence-take-second"
0,14,18,13363,3.550871393173851E7,-1.0,-1.0,scratch,repertoire,10000,0.9,0.75,0.1,"1212,false,0.5,0.7,1.0,0.5,150.0,200.0,300.0,80.0,3.0,1.5384615384615385,2.0,3.2,0.05,0.01,0.05,0.05,0.1,0.1,1.0,0.0",24.0,1,"prune-sequence-take-second"
0,0,15,351,4.386386449189079E7,-1.0,-1.0,scratch,repertoire,10000,0.9,0.75,0.1,"1744,false,0.5,0.7,1.0,-0.24624140532233052,150.0,200.0,300.0,80.0,3.0,1.5384615384615385,2.0,3.7461274248817924,0.05,0.01,0.018398787935526406,0.02987726388986009,0.1,0.04759072017242022,1.0,0.0",13.0,10,"prune-sequence-take-second"
0,1,15,608,4.386386449189079E7,-1.0,-1.0,scratch,repertoire,10000,0.9,0.75,0.1,"1744,false,0.5,0.7,1.0,-0.24624140532233052,150.0,200.0,300.0,80.0,3.0,1.5384615384615385,2.0,3.7461274248817924,0.05,0.01,0.018398787935526406,0.02987726388986009,0.1,0.04759072017242022,1.0,0.0",16.0,10,"prune-sequence-take-second"
0,2,15,972,4.38604241788741E7,-1.0,-1.0,scratch,repertoire,10000,0.9,0.75,0.1,"1744,false,0.5,0.7,1.0,-0.24624140532233052,150.0,200.0,300.0,80.0,3.0,1.5384615384615385,2.0,3.7461274248817924,0.05,0.01,0.018398787935526406,0.02987726388986009,0.1,0.04759072017242022,1.0,0.0",19.0,10,"prune-sequence-take-second"
0,3,19,1747,4.421066296691855E7,-1.0,-1.0,scratch,repertoire,10000,0.9,0.75,0.1,"1744,false,0.5,0.7,1.0,-0.24624140532233052,150.0,200.0,300.0,80.0,3.0,1.5384615384615385,2.0,3.7461274248817924,0.05,0.01,0.018398787935526406,0.02987726388986009,0.1,0.04759072017242022,1.0,0.0",22.0,10,"prune-sequence-take-second"
0,4,19,2330,4.420019337555435E7,-1.0,-1.0,scratch,repertoire,10000,0.9,0.75,0.1,"1744,false,0.5,0.7,1.0,-0.24624140532233052,150.0,200.0,300.0,80.0,3.0,1.5384615384615385,2.0,3.7461274248817924,0.05,0.01,0.018398787935526406,0.02987726388986009,0.1,0.04759072017242022,1.0,0.0",24.0,10,"prune-sequence-take-second"
0,5,19,3163,4.418972378419016E7,-1.0,-1.0,scratch,repertoire,10000,0.9,0.75,0.1,"1744,false,0.5,0.7,1.0,-0.24624140532233052,150.0,200.0,300.0,80.0,3.0,1.5384615384615385,2.0,3.7461274248817924,0.05,0.01,0.018398787935526406,0.02987726388986009,0.1,0.04759072017242022,1.0,0.0",24.0,10,"prune-sequence-take-second"
0,6,19,3669,4.4179254192825966E7,-1.0,-1.0,scratch,repertoire,10000,0.9,0.75,0.1,"1744,false,0.5,0.7,1.0,-0.24624140532233052,150.0,200.0,300.0,80.0,3.0,1.5384615384615385,2.0,3.7461274248817924,0.05,0.01,0.018398787935526406,0.02987726388986009,0.1,0.04759072017242022,1.0,0.0",25.0,10,"prune-sequence-take-second"
0,7,19,3710,4.46851544085068E7,-1.0,-1.0,scratch,repertoire,10000,0.9,0.75,0.1,"1744,false,0.5,0.7,1.0,-0.24624140532233052,150.0,200.0,300.0,80.0,3.0,1.5384615384615385,2.0,3.7461274248817924,0.05,0.01,0.018398787935526406,0.02987726388986009,0.1,0.04759072017242022,1.0,0.0",26.0,10,"prune-sequence-take-second"
0,8,19,4063,4.4670972367502876E7,-1.0,-1.0,scratch,repertoire,10000,0.9,0.75,0.1,"1744,false,0.5,0.7,1.0,-0.24624140532233052,150.0,200.0,300.0,80.0,3.0,1.5384615384615385,2.0,3.7461274248817924,0.05,0.01,0.018398787935526406,0.02987726388986009,0.1,0.04759072017242022,1.0,0.0",28.0,10,"prune-sequence-take-second"
0,9,18,5229,4.4753473204779506E7,-1.0,-1.0,scratch,repertoire,10000,0.9,0.75,0.1,"1744,false,0.5,0.7,1.0,-0.24624140532233052,150.0,200.0,300.0,80.0,3.0,1.5384615384615385,2.0,3.7461274248817924,0.05,0.01,0.018398787935526406,0.02987726388986009,0.1,0.04759072017242022,1.0,0.0",28.0,10,"prune-sequence-take-second"
0,10,19,5514,4.50773904873791E7,-1.0,-1.0,scratch,repertoire,10000,0.9,0.75,0.1,"1744,false,0.5,0.7,1.0,-0.24624140532233052,150.0,200.0,300.0,80.0,3.0,1.5384615384615385,2.0,3.7461274248817924,0.05,0.01,0.018398787935526406,0.02987726388986009,0.1,0.04759072017242022,1.0,0.0",29.0,10,"prune-sequence-take-second"
0,11,19,5804,4.5055879764691345E7,-1.0,-1.0,scratch,repertoire,10000,0.9,0.75,0.1,"1744,false,0.5,0.7,1.0,-0.24624140532233052,150.0,200.0,300.0,80.0,3.0,1.5384615384615385,2.0,3.7461274248817924,0.05,0.01,0.018398787935526406,0.02987726388986009,0.1,0.04759072017242022,1.0,0.0",30.0,10,"prune-sequence-take-second"
0,12,19,6296,4.528989323319762E7,-1.0,-1.0,scratch,repertoire,10000,0.9,0.75,0.1,"1744,false,0.5,0.7,1.0,-0.24624140532233052,150.0,200.0,300.0,80.0,3.0,1.5384615384615385,2.0,3.7461274248817924,0.05,0.01,0.018398787935526406,0.02987726388986009,0.1,0.04759072017242022,1.0,0.0",31.0,10,"prune-sequence-take-second"
0,13,18,8079,4.526099808959045E7,-1.0,-1.0,scratch,repertoire,10000,0.9,0.75,0.1,"1744,false,0.5,0.7,1.0,-0.24624140532233052,150.0,200.0,300.0,80.0,3.0,1.5384615384615385,2.0,3.7461274248817924,0.05,0.01,0.018398787935526406,0.02987726388986009,0.1,0.04759072017242022,1.0,0.0",32.0,10,"prune-sequence-take-second"
0,14,19,9739,4.576852882528016E7,-1.0,-1.0,scratch,repertoire,10000,0.9,0.75,0.1,"1744,false,0.5,0.7,1.0,-0.24624140532233052,150.0,200.0,300.0,80.0,3.0,1.5384615384615385,2.0,3.7461274248817924,0.05,0.01,0.018398787935526406,0.02987726388986009,0.1,0.04759072017242022,1.0,0.0",32.0,10,"prune-sequence-take-second"
1,0,18,391,2.9538294276624344E7,-1.0,-1.0,scratch,repertoire,10000,0.9,0.75,0.1,"1000,false,0.5,0.907714841309717,1.0,0.5,150.0,200.0,300.0,80.0,3.0,1.5384615384615385,2.0,3.2,0.05,0.01,0.05,0.05,0.1,0.1,1.0,0.0",13.0,1,"prune-sequence-take-second"
1,1,17,785,2.9579413738896653E7,-1.0,-1.0,scratch,repertoire,10000,0.9,0.75,0.1,"1000,false,0.5,0.907714841309717,1.0,0.5,150.0,200.0,300.0,80.0,3.0,1.5384615384615385,2.0,3.2,0.05,0.01,0.05,0.05,0.1,0.1,1.0,0.0",16.0,1,"prune-sequence-take-second"
1,2,17,1328,2.9577418438348852E7,-1.0,-1.0,scratch,repertoire,10000,0.9,0.75,0.1,"1000,false,0.5,0.907714841309717,1.0,0.5,150.0,200.0,300.0,80.0,3.0,1.5384615384615385,2.0,3.2,0.05,0.01,0.05,0.05,0.1,0.1,1.0,0.0",18.0,1,"prune-sequence-take-second"
1,3,17,2287,2.9573427837253254E7,-1.0,-1.0,scratch,repertoire,10000,0.9,0.75,0.1,"1000,false,0.5,0.907714841309717,1.0,0.5,150.0,200.0,300.0,80.0,3.0,1.5384615384615385,2.0,3.2,0.05,0.01,0.05,0.05,0.1,0.1,1.0,0.0",20.0,1,"prune-sequence-take-second"
1,4,17,3218,2.9565446635062058E7,-1.0,-1.0,scratch,repertoire,10000,0.9,0.75,0.1,"1000,false,0.5,0.907714841309717,1.0,0.5,150.0,200.0,300.0,80.0,3.0,1.5384615384615385,2.0,3.2,0.05,0.01,0.05,0.05,0.1,0.1,1.0,0.0",21.0,1,"prune-sequence-take-second"
1,5,17,4272,2.955746543287086E7,-1.0,-1.0,scratch,repertoire,10000,0.9,0.75,0.1,"1000,false,0.5,0.907714841309717,1.0,0.5,150.0,200.0,300.0,80.0,3.0,1.5384615384615385,2.0,3.2,0.05,0.01,0.05,0.05,0.1,0.1,1.0,0.0",20.0,1,"prune-sequence-take-second"
1,6,17,5185,2.9547488930131868E7,-1.0,-1.0,scratch,repertoire,10000,0.9,0.75,0.1,"1000,false,0.5,0.907714841309717,1.0,0.5,150.0,200.0,300.0,80.0,3.0,1.5384615384615385,2.0,3.2,0.05,0.01,0.05,0.05,0.1,0.1,1.0,0.0",20.0,1,"prune-sequence-take-second"
1,7,20,6232,2.9568979086477667E7,-1.0,-1.0,scratch,repertoire,10000,0.9,0.75,0.1,"1000,false,0.5,0.907714841309717,1.0,0.5,150.0,200.0,300.0,80.0,3.0,1.5384615384615385,2.0,3.2,0.05,0.01,0.05,0.05,0.1,0.1,1.0,0.0",20.0,1,"prune-sequence-take-second"
1,8,20,6797,2.9570992054913156E7,-1.0,-1.0,scratch,repertoire,10000,0.9,0.75,0.1,"1000,false,0.5,0.907714841309717,1.0,0.5,150.0,200.0,300.0,80.0,3.0,1.5384615384615385,2.0,3.2,0.05,0.01,0.05,0.05,0.1,0.1,1.0,0.0",19.0,1,"prune-sequence-take-second"
1,9,20,7796,2.955497929544744E7,-1.0,-1.0,scratch,repertoire,10000,0.9,0.75,0.1,"1000,false,0.5,0.907714841309717,1.0,0.5,150.0,200.0,300.0,80.0,3.0,1.5384615384615385,2.0,3.2,0.05,0.01,0.05,0.05,0.1,0.1,1.0,0.0",18.0,1,"prune-sequence-take-second"
1,10,20,10488,2.9534963346115295E7,-1.0,-1.0,scratch,repertoire,10000,0.9,0.75,0.1,"1000,false,0.5,0.907714841309717,1.0,0.5,150.0,200.0,300.0,80.0,3.0,1.5384615384615385,2.0,3.2,0.05,0.01,0.05,0.05,0.1,0.1,1.0,0.0",17.0,1,"prune-sequence-take-second"
1,11,20,11723,2.9510944206916716E7,-1.0,-1.0,scratch,repertoire,10000,0.9,0.75,0.1,"1000,false,0.5,0.907714841309717,1.0,0.5,150.0,200.0,300.0,80.0,3.0,1.5384615384615385,2.0,3.2,0.05,0.01,0.05,0.05,0.1,0.1,1.0,0.0",17.0,1,"prune-sequence-take-second"
1,12,20,15498,2.9480920282918498E7,-1.0,-1.0,scratch,repertoire,10000,0.9,0.75,0.1,"1000,false,0.5,0.907714841309717,1.0,0.5,150.0,200.0,300.0,80.0,3.0,1.5384615384615385,2.0,3.2,0.05,0.01,0.05,0.05,0.1,0.1,1.0,0.0",17.0,1,"prune-sequence-take-second"
1,13,20,21543,2.943688519438778E7,-1.0,-1.0,scratch,repertoire,10000,0.9,0.75,0.1,"1000,false,0.5,0.907714841309717,1.0,0.5,150.0,200.0,300.0,80.0,3.0,1.5384615384615385,2.0,3.2,0.05,0.01,0.05,0.05,0.1,0.1,1.0,0.0",18.0,1,"prune-sequence-take-second"
1,14,20,22975,2.939084851092384E7,-1.0,-1.0,scratch,repertoire,10000,0.9,0.75,0.1,"1000,false,0.5,0.907714841309717,1.0,0.5,150.0,200.0,300.0,80.0,3.0,1.5384615384615385,2.0,3.2,0.05,0.01,0.05,0.05,0.1,0.1,1.0,0.0",18.0,1,"prune-sequence-take-second"
1,0,17,327,4.6139923373965524E7,-1.0,-1.0,scratch,repertoire,10000,0.9,0.75,0.1,"865,false,0.1919070847915202,0.7514483675976927,1.0,0.5,150.0,289.3409149871418,300.0,80.0,3.37464950029397,1.5384615384615385,2.0,3.2,0.05,0.01,0.05,0.05,0.1,0.059237924386293876,1.8011570655624327,0.39452090629422176",14.0,10,"prune-sequence-take-second"
1,1,17,731,4.613683989665409E7,-1.0,-1.0,scratch,repertoire,10000,0.9,0.75,0.1,"865,false,0.1919070847915202,0.7514483675976927,1.0,0.5,150.0,289.3409149871418,300.0,80.0,3.37464950029397,1.5384615384615385,2.0,3.2,0.05,0.01,0.05,0.05,0.1,0.059237924386293876,1.8011570655624327,0.39452090629422176",18.0,10,"prune-sequence-take-second"
1,2,19,1661,4.613389447579373E7,-1.0,-1.0,scratch,repertoire,10000,0.9,0.75,0.1,"865,false,0.1919070847915202,0.7514483675976927,1.0,0.5,150.0,289.3409149871418,300.0,80.0,3.37464950029397,1.5384615384615385,2.0,3.2,0.05,0.01,0.05,0.05,0.1,0.059237924386293876,1.8011570655624327,0.39452090629422176",21.0,10,"prune-sequence-take-second"
1,3,19,2722,4.612464299155289E7,-1.0,-1.0,scratch,repertoire,10000,0.9,0.75,0.1,"865,false,0.1919070847915202,0.7514483675976927,1.0,0.5,150.0,289.3409149871418,300.0,80.0,3.37464950029397,1.5384615384615385,2.0,3.2,0.05,0.01,0.05,0.05,0.1,0.059237924386293876,1.8011570655624327,0.39452090629422176",22.0,10,"prune-sequence-take-second"
1,4,15,4048,4.612057546005563E7,-1.0,-1.0,scratch,repertoire,10000,0.9,0.75,0.1,"865,false,0.1919070847915202,0.7514483675976927,1.0,0.5,150.0,289.3409149871418,300.0,80.0,3.37464950029397,1.5384615384615385,2.0,3.2,0.05,0.01,0.05,0.05,0.1,0.059237924386293876,1.8011570655624327,0.39452090629422176",23.0,10,"prune-sequence-take-second"
1,5,17,5290,4.610803271156842E7,-1.0,-1.0,scratch,repertoire,10000,0.9,0.75,0.1,"865,false,0.1919070847915202,0.7514483675976927,1.0,0.5,150.0,289.3409149871418,300.0,80.0,3.37464950029397,1.5384615384615385,2.0,3.2,0.05,0.01,0.05,0.05,0.1,0.059237924386293876,1.8011570655624327,0.39452090629422176",23.0,10,"prune-sequence-take-second"
1,6,19,7059,4.6102657346638255E7,-1.0,-1.0,scratch,repertoire,10000,0.9,0.75,0.1,"865,false,0.1919070847915202,0.7514483675976927,1.0,0.5,150.0,289.3409149871418,300.0,80.0,3.37464950029397,1.5384615384615385,2.0,3.2,0.05,0.01,0.05,0.05,0.1,0.059237924386293876,1.8011570655624327,0.39452090629422176",24.0,10,"prune-sequence-take-second"
1,7,19,7859,4.6077965782019235E7,-1.0,-1.0,scratch,repertoire,10000,0.9,0.75,0.1,"865,false,0.1919070847915202,0.7514483675976927,1.0,0.5,150.0,289.3409149871418,300.0,80.0,3.37464950029397,1.5384615384615385,2.0,3.2,0.05,0.01,0.05,0.05,0.1,0.059237924386293876,1.8011570655624327,0.39452090629422176",25.0,10,"prune-sequence-take-second"
1,8,19,10236,4.6047101326245464E7,-1.0,-1.0,scratch,repertoire,10000,0.9,0.75,0.1,"865,false,0.1919070847915202,0.7514483675976927,1.0,0.5,150.0,289.3409149871418,300.0,80.0,3.37464950029397,1.5384615384615385,2.0,3.2,0.05,0.01,0.05,0.05,0.1,0.059237924386293876,1.8011570655624327,0.39452090629422176",27.0,10,"prune-sequence-take-second"
1,9,19,11735,4.602561268392076E7,-1.0,-1.0,scratch,repertoire,10000,0.9,0.75,0.1,"865,false,0.1919070847915202,0.7514483675976927,1.0,0.5,150.0,289.3409149871418,300.0,80.0,3.37464950029397,1.5384615384615385,2.0,3.2,0.05,0.01,0.05,0.05,0.1,0.059237924386293876,1.8011570655624327,0.39452090629422176",29.0,10,"prune-sequence-take-second"
1,10,19,11684,4.598855611733266E7,-1.0,-1.0,scratch,repertoire,10000,0.9,0.75,0.1,"865,false,0.1919070847915202,0.7514483675976927,1.0,0.5,150.0,289.3409149871418,300.0,80.0,3.37464950029397,1.5384615384615385,2.0,3.2,0.05,0.01,0.05,0.05,0.1,0.059237924386293876,1.8011570655624327,0.39452090629422176",32.0,10,"prune-sequence-take-second"
1,11,19,14234,4.594532345631321E7,-1.0,-1.0,scratch,repertoire,10000,0.9,0.75,0.1,"865,false,0.1919070847915202,0.7514483675976927,1.0,0.5,150.0,289.3409149871418,300.0,80.0,3.37464950029397,1.5384615384615385,2.0,3.2,0.05,0.01,0.05,0.05,0.1,0.059237924386293876,1.8011570655624327,0.39452090629422176",35.0,10,"prune-sequence-take-second"
1,12,20,15879,4.589641154598039E7,-1.0,-1.0,scratch,repertoire,10000,0.9,0.75,0.1,"865,false,0.1919070847915202,0.7514483675976927,1.0,0.5,150.0,289.3409149871418,300.0,80.0,3.37464950029397,1.5384615384615385,2.0,3.2,0.05,0.01,0.05,0.05,0.1,0.059237924386293876,1.8011570655624327,0.39452090629422176",36.0,10,"prune-sequence-take-second"
1,13,20,17645,4.584082571767743E7,-1.0,-1.0,scratch,repertoire,10000,0.9,0.75,0.1,"865,false,0.1919070847915202,0.7514483675976927,1.0,0.5,150.0,289.3409149871418,300.0,80.0,3.37464950029397,1.5384615384615385,2.0,3.2,0.05,0.01,0.05,0.05,0.1,0.059237924386293876,1.8011570655624327,0.39452090629422176",37.0,10,"prune-sequence-take-second"
1,14,18,18271,4.57862864995398E7,-1.0,-1.0,scratch,repertoire,10000,0.9,0.75,0.1,"865,false,0.1919070847915202,0.7514483675976927,1.0,0.5,150.0,289.3409149871418,300.0,80.0,3.37464950029397,1.5384615384615385,2.0,3.2,0.05,0.01,0.05,0.05,0.1,0.059237924386293876,1.8011570655624327,0.39452090629422176",37.0,10,"prune-sequence-take-second"
2,0,18,355,2.9567837453826204E7,-1.0,-1.0,scratch,repertoire,10000,0.9,0.75,0.1,"1000,false,0.5,0.7,1.0,0.5,150.0,200.0,300.0,80.0,3.8546809551995533,1.5384615384615385,2.0,3.2,0.05,0.01,0.05,0.05,0.1,0.1,1.0,0.0",14.0,1,"prune-sequence-take-second"
2,1,18,702,2.9565841349923827E7,-1.0,-1.0,scratch,repertoire,10000,0.9,0.75,0.1,"1000,false,0.5,0.7,1.0,0.5,150.0,200.0,300.0,80.0,3.8546809551995533,1.5384615384615385,2.0,3.2,0.05,0.01,0.05,0.05,0.1,0.1,1.0,0.0",17.0,1,"prune-sequence-take-second"
2,2,18,1419,2.956384524602145E7,-1.0,-1.0,scratch,repertoire,10000,0.9,0.75,0.1,"1000,false,0.5,0.7,1.0,0.5,150.0,200.0,300.0,80.0,3.8546809551995533,1.5384615384615385,2.0,3.2,0.05,0.01,0.05,0.05,0.1,0.1,1.0,0.0",18.0,1,"prune-sequence-take-second"
2,3,18,1909,2.95598530382167E7,-1.0,-1.0,scratch,repertoire,10000,0.9,0.75,0.1,"1000,false,0.5,0.7,1.0,0.5,150.0,200.0,300.0,80.0,3.8546809551995533,1.5384615384615385,2.0,3.2,0.05,0.01,0.05,0.05,0.1,0.1,1.0,0.0",19.0,1,"prune-sequence-take-second"
2,4,18,2784,2.9559642226763785E7,-1.0,-1.0,scratch,repertoire,10000,0.9,0.75,0.1,"1000,false,0.5,0.7,1.0,0.5,150.0,200.0,300.0,80.0,3.8546809551995533,1.5384615384615385,2.0,3.2,0.05,0.01,0.05,0.05,0.1,0.1,1.0,0.0",20.0,1,"prune-sequence-take-second"
2,5,19,4273,2.9564202886034276E7,-1.0,-1.0,scratch,repertoire,10000,0.9,0.75,0.1,"1000,false,0.5,0.7,1.0,0.5,150.0,200.0,300.0,80.0,3.8546809551995533,1.5384615384615385,2.0,3.2,0.05,0.01,0.05,0.05,0.1,0.1,1.0,0.0",20.0,1,"prune-sequence-take-second"
2,6,19,5172,2.9554215483941983E7,-1.0,-1.0,scratch,repertoire,10000,0.9,0.75,0.1,"1000,false,0.5,0.7,1.0,0.5,150.0,200.0,300.0,80.0,3.8546809551995533,1.5384615384615385,2.0,3.2,0.05,0.01,0.05,0.05,0.1,0.1,1.0,0.0",21.0,1,"prune-sequence-take-second"
2,7,19,5699,2.954223060143123E7,-1.0,-1.0,scratch,repertoire,10000,0.9,0.75,0.1,"1000,false,0.5,0.7,1.0,0.5,150.0,200.0,300.0,80.0,3.8546809551995533,1.5384615384615385,2.0,3.2,0.05,0.01,0.05,0.05,0.1,0.1,1.0,0.0",21.0,1,"prune-sequence-take-second"
2,8,19,7111,2.9541077059285812E7,-1.0,-1.0,scratch,repertoire,10000,0.9,0.75,0.1,"1000,false,0.5,0.7,1.0,0.5,150.0,200.0,300.0,80.0,3.8546809551995533,1.5384615384615385,2.0,3.2,0.05,0.01,0.05,0.05,0.1,0.1,1.0,0.0",22.0,1,"prune-sequence-take-second"
2,9,19,7264,2.9528196120315127E7,-1.0,-1.0,scratch,repertoire,10000,0.9,0.75,0.1,"1000,false,0.5,0.7,1.0,0.5,150.0,200.0,300.0,80.0,3.8546809551995533,1.5384615384615385,2.0,3.2,0.05,0.01,0.05,0.05,0.1,0.1,1.0,0.0",23.0,1,"prune-sequence-take-second"
2,10,19,8044,2.9512672896298576E7,-1.0,-1.0,scratch,repertoire,10000,0.9,0.75,0.1,"1000,false,0.5,0.7,1.0,0.5,150.0,200.0,300.0,80.0,3.8546809551995533,1.5384615384615385,2.0,3.2,0.05,0.01,0.05,0.05,0.1,0.1,1.0,0.0",24.0,1,"prune-sequence-take-second"
2,11,19,9368,2.9492683774416693E7,-1.0,-1.0,scratch,repertoire,10000,0.9,0.75,0.1,"1000,false,0.5,0.7,1.0,0.5,150.0,200.0,300.0,80.0,3.8546809551995533,1.5384615384615385,2.0,3.2,0.05,0.01,0.05,0.05,0.1,0.1,1.0,0.0",26.0,1,"prune-sequence-take-second"
2,12,19,10301,2.9476141256100625E7,-1.0,-1.0,scratch,repertoire,10000,0.9,0.75,0.1,"1000,false,0.5,0.7,1.0,0.5,150.0,200.0,300.0,80.0,3.8546809551995533,1.5384615384615385,2.0,3.2,0.05,0.01,0.05,0.05,0.1,0.1,1.0,0.0",27.0,1,"prune-sequence-take-second"
2,13,19,12233,2.945215063174078E7,-1.0,-1.0,scratch,repertoire,10000,0.9,0.75,0.1,"1000,false,0.5,0.7,1.0,0.5,150.0,200.0,300.0,80.0,3.8546809551995533,1.5384615384615385,2.0,3.2,0.05,0.01,0.05,0.05,0.1,0.1,1.0,0.0",28.0,1,"prune-sequence-take-second"
2,14,18,14941,2.9450443703450423E7,-1.0,-1.0,scratch,repertoire,10000,0.9,0.75,0.1,"1000,false,0.5,0.7,1.0,0.5,150.0,200.0,300.0,80.0,3.8546809551995533,1.5384615384615385,2.0,3.2,0.05,0.01,0.05,0.05,0.1,0.1,1.0,0.0",28.0,1,"prune-sequence-take-second"
2,0,16,332,3.7906450793901145E7,-1.0,-1.0,scratch,repertoire,10000,0.9,0.75,0.1,"1319,false,-0.44116232718806025,0.7,0.5218979611240029,-0.14747045701820538,150.0,200.0,487.17798499826006,80.0,3.0,2.767318702437452,2.0,3.2,0.05,0.01,0.014123086954756942,0.05,0.1,0.1,1.0,0.0",13.0,10,"prune-sequence-take-second"
2,1,16,581,3.7906450793901145E7,-1.0,-1.0,scratch,repertoire,10000,0.9,0.75,0.1,"1319,false,-0.44116232718806025,0.7,0.5218979611240029,-0.14747045701820538,150.0,200.0,487.17798499826006,80.0,3.0,2.767318702437452,2.0,3.2,0.05,0.01,0.014123086954756942,0.05,0.1,0.1,1.0,0.0",17.0,10,"prune-sequence-take-second"
2,2,16,1447,3.7900776244130135E7,-1.0,-1.0,scratch,repertoire,10000,0.9,0.75,0.1,"1319,false,-0.44116232718806025,0.7,0.5218979611240029,-0.14747045701820538,150.0,200.0,487.17798499826006,80.0,3.0,2.767318702437452,2.0,3.2,0.05,0.01,0.014123086954756942,0.05,0.1,0.1,1.0,0.0",19.0,10,"prune-sequence-take-second"
2,3,19,2596,3.808427191978633E7,-1.0,-1.0,scratch,repertoire,10000,0.9,0.75,0.1,"1319,false,-0.44116232718806025,0.7,0.5218979611240029,-0.14747045701820538,150.0,200.0,487.17798499826006,80.0,3.0,2.767318702437452,2.0,3.2,0.05,0.01,0.014123086954756942,0.05,0.1,0.1,1.0,0.0",21.0,10,"prune-sequence-take-second"
2,4,19,3449,3.8072813940818585E7,-1.0,-1.0,scratch,repertoire,10000,0.9,0.75,0.1,"1319,false,-0.44116232718806025,0.7,0.5218979611240029,-0.14747045701820538,150.0,200.0,487.17798499826006,80.0,3.0,2.767318702437452,2.0,3.2,0.05,0.01,0.014123086954756942,0.05,0.1,0.1,1.0,0.0",22.0,10,"prune-sequence-take-second"
2,5,16,3996,3.8493170279273264E7,-1.0,-1.0,scratch,repertoire,10000,0.9,0.75,0.1,"1319,false,-0.44116232718806025,0.7,0.5218979611240029,-0.14747045701820538,150.0,200.0,487.17798499826006,80.0,3.0,2.767318702437452,2.0,3.2,0.05,0.01,0.014123086954756942,0.05,0.1,0.1,1.0,0.0",23.0,10,"prune-sequence-take-second"
2,6,16,4591,3.848155637894888E7,-1.0,-1.0,scratch,repertoire,10000,0.9,0.75,0.1,"1319,false,-0.44116232718806025,0.7,0.5218979611240029,-0.14747045701820538,150.0,200.0,487.17798499826006,80.0,3.0,2.767318702437452,2.0,3.2,0.05,0.01,0.014123086954756942,0.05,0.1,0.1,1.0,0.0",25.0,10,"prune-sequence-take-second"
2,7,16,5336,3.8464135528462306E7,-1.0,-1.0,scratch,repertoire,10000,0.9,0.75,0.1,"1319,false,-0.44116232718806025,0.7,0.5218979611240029,-0.14747045701820538,150.0,200.0,487.17798499826006,80.0,3.0,2.767318702437452,2.0,3.2,0.05,0.01,0.014123086954756942,0.05,0.1,0.1,1.0,0.0",25.0,10,"prune-sequence-take-second"
2,8,20,6043,3.8453072410286926E7,-1.0,-1.0,scratch,repertoire,10000,0.9,0.75,0.1,"1319,false,-0.44116232718806025,0.7,0.5218979611240029,-0.14747045701820538,150.0,200.0,487.17798499826006,80.0,3.0,2.767318702437452,2.0,3.2,0.05,0.01,0.014123086954756942,0.05,0.1,0.1,1.0,0.0",24.0,10,"prune-sequence-take-second"
2,9,20,7445,3.843274347547924E7,-1.0,-1.0,scratch,repertoire,10000,0.9,0.75,0.1,"1319,false,-0.44116232718806025,0.7,0.5218979611240029,-0.14747045701820538,150.0,200.0,487.17798499826006,80.0,3.0,2.767318702437452,2.0,3.2,0.05,0.01,0.014123086954756942,0.05,0.1,0.1,1.0,0.0",22.0,10,"prune-sequence-take-second"
2,10,20,9544,3.840370214003968E7,-1.0,-1.0,scratch,repertoire,10000,0.9,0.75,0.1,"1319,false,-0.44116232718806025,0.7,0.5218979611240029,-0.14747045701820538,150.0,200.0,487.17798499826006,80.0,3.0,2.767318702437452,2.0,3.2,0.05,0.01,0.014123086954756942,0.05,0.1,0.1,1.0,0.0",19.0,10,"prune-sequence-take-second"
2,11,20,11131,3.837175667105617E7,-1.0,-1.0,scratch,repertoire,10000,0.9,0.75,0.1,"1319,false,-0.44116232718806025,0.7,0.5218979611240029,-0.14747045701820538,150.0,200.0,487.17798499826006,80.0,3.0,2.767318702437452,2.0,3.2,0.05,0.01,0.014123086954756942,0.05,0.1,0.1,1.0,0.0",19.0,10,"prune-sequence-take-second"
2,12,20,14114,3.83688372031025E7,-1.0,-1.0,scratch,repertoire,10000,0.9,0.75,0.1,"1319,false,-0.44116232718806025,0.7,0.5218979611240029,-0.14747045701820538,150.0,200.0,487.17798499826006,80.0,3.0,2.767318702437452,2.0,3.2,0.05,0.01,0.014123086954756942,0.05,0.1,0.1,1.0,0.0",19.0,10,"prune-sequence-take-second"
2,13,20,17054,3.8319400765702076E7,-1.0,-1.0,scratch,repertoire,10000,0.9,0.75,0.1,"1319,false,-0.44116232718806025,0.7,0.5218979611240029,-0.14747045701820538,150.0,200.0,487.17798499826006,80.0,3.0,2.767318702437452,2.0,3.2,0.05,0.01,0.014123086954756942,0.05,0.1,0.1,1.0,0.0",19.0,10,"prune-sequence-take-second"
2,14,20,17978,3.8270729599996455E7,-1.0,-1.0,scratch,repertoire,10000,0.9,0.75,0.1,"1319,false,-0.44116232718806025,0.7,0.5218979611240029,-0.14747045701820538,150.0,200.0,487.17798499826006,80.0,3.0,2.767318702437452,2.0,3.2,0.05,0.01,0.014123086954756942,0.05,0.1,0.1,1.0,0.0",19.0,10,"prune-sequence-take-second"
3,0,18,328,4.319149485572772E7,-1.0,-1.0,scratch,repertoire,10000,0.9,0.75,0.1,"1610,false,0.5,0.7,1.0,0.5,150.0,200.0,300.0,80.0,3.0,1.5384615384615385,2.0,3.2,0.05,0.01,0.05,0.05,0.1,0.1,1.0,0.0",13.0,1,"prune-sequence-take-second"
3,1,18,545,4.319149485572772E7,-1.0,-1.0,scratch,repertoire,10000,0.9,0.75,0.1,"1610,false,0.5,0.7,1.0,0.5,150.0,200.0,300.0,80.0,3.0,1.5384615384615385,2.0,3.2,0.05,0.01,0.05,0.05,0.1,0.1,1.0,0.0",16.0,1,"prune-sequence-take-second"
3,2,18,1291,4.3184739636147045E7,-1.0,-1.0,scratch,repertoire,10000,0.9,0.75,0.1,"1610,false,0.5,0.7,1.0,0.5,150.0,200.0,300.0,80.0,3.0,1.5384615384615385,2.0,3.2,0.05,0.01,0.05,0.05,0.1,0.1,1.0,0.0",17.0,1,"prune-sequence-take-second"
3,3,18,1594,4.31813620263567E7,-1.0,-1.0,scratch,repertoire,10000,0.9,0.75,0.1,"1610,false,0.5,0.7,1.0,0.5,150.0,200.0,300.0,80.0,3.0,1.5384615384615385,2.0,3.2,0.05,0.01,0.05,0.05,0.1,0.1,1.0,0.0",19.0,1,"prune-sequence-take-second"
3,4,17,2093,4.361537758918165E7,-1.0,-1.0,scratch,repertoire,10000,0.9,0.75,0.1,"1610,false,0.5,0.7,1.0,0.5,150.0,200.0,300.0,80.0,3.0,1.5384615384615385,2.0,3.2,0.05,0.01,0.05,0.05,0.1,0.1,1.0,0.0",20.0,1,"prune-sequence-take-second"
3,5,17,2814,4.360510157101403E7,-1.0,-1.0,scratch,repertoire,10000,0.9,0.75,0.1,"1610,false,0.5,0.7,1.0,0.5,150.0,200.0,300.0,80.0,3.0,1.5384615384615385,2.0,3.2,0.05,0.01,0.05,0.05,0.1,0.1,1.0,0.0",21.0,1,"prune-sequence-take-second"
3,6,18,3584,4.408982495888597E7,-1.0,-1.0,scratch,repertoire,10000,0.9,0.75,0.1,"1610,false,0.5,0.7,1.0,0.5,150.0,200.0,300.0,80.0,3.0,1.5384615384615385,2.0,3.2,0.05,0.01,0.05,0.05,0.1,0.1,1.0,0.0",22.0,1,"prune-sequence-take-second"
3,7,18,4413,4.407591243040664E7,-1.0,-1.0,scratch,repertoire,10000,0.9,0.75,0.1,"1610,false,0.5,0.7,1.0,0.5,150.0,200.0,300.0,80.0,3.0,1.5384615384615385,2.0,3.2,0.05,0.01,0.05,0.05,0.1,0.1,1.0,0.0",24.0,1,"prune-sequence-take-second"
3,8,16,5550,4.405504363768766E7,-1.0,-1.0,scratch,repertoire,10000,0.9,0.75,0.1,"1610,false,0.5,0.7,1.0,0.5,150.0,200.0,300.0,80.0,3.0,1.5384615384615385,2.0,3.2,0.05,0.01,0.05,0.05,0.1,0.1,1.0,0.0",25.0,1,"prune-sequence-take-second"
3,9,16,6457,4.403417484496867E7,-1.0,-1.0,scratch,repertoire,10000,0.9,0.75,0.1,"1610,false,0.5,0.7,1.0,0.5,150.0,200.0,300.0,80.0,3.0,1.5384615384615385,2.0,3.2,0.05,0.01,0.05,0.05,0.1,0.1,1.0,0.0",25.0,1,"prune-sequence-take-second"
3,10,18,8664,4.458073093474625E7,-1.0,-1.0,scratch,repertoire,10000,0.9,0.75,0.1,"1610,false,0.5,0.7,1.0,0.5,150.0,200.0,300.0,80.0,3.0,1.5384615384615385,2.0,3.2,0.05,0.01,0.05,0.05,0.1,0.1,1.0,0.0",26.0,1,"prune-sequence-take-second"
3,11,20,10987,4.4736519203904174E7,-1.0,-1.0,scratch,repertoire,10000,0.9,0.75,0.1,"1610,false,0.5,0.7,1.0,0.5,150.0,200.0,300.0,80.0,3.0,1.5384615384615385,2.0,3.2,0.05,0.01,0.05,0.05,0.1,0.1,1.0,0.0",26.0,1,"prune-sequence-take-second"
3,12,20,12897,4.469032636609843E7,-1.0,-1.0,scratch,repertoire,10000,0.9,0.75,0.1,"1610,false,0.5,0.7,1.0,0.5,150.0,200.0,300.0,80.0,3.0,1.5384615384615385,2.0,3.2,0.05,0.01,0.05,0.05,0.1,0.1,1.0,0.0",26.0,1,"prune-sequence-take-second"
3,13,18,13955,4.464058023307686E7,-1.0,-1.0,scratch,repertoire,10000,0.9,0.75,0.1,"1610,false,0.5,0.7,1.0,0.5,150.0,200.0,300.0,80.0,3.0,1.5384615384615385,2.0,3.2,0.05,0.01,0.05,0.05,0.1,0.1,1.0,0.0",27.0,1,"prune-sequence-take-second"
3,14,19,17017,4.487816885882512E7,-1.0,-1.0,scratch,repertoire,10000,0.9,0.75,0.1,"1610,false,0.5,0.7,1.0,0.5,150.0,200.0,300.0,80.0,3.0,1.5384615384615385,2.0,3.2,0.05,0.01,0.05,0.05,0.1,0.1,1.0,0.0",27.0,1,"prune-sequence-take-second"
3,0,18,343,7.292132746647434E7,-1.0,-1.0,scratch,repertoire,10000,0.9,0.75,0.1,"3565,false,0.7864975769259129,0.7,1.0,0.5,-29.66031961668753,200.0,420.3761619218307,80.0,3.4235400894285313,1.5384615384615385,2.0,3.2,0.05,0.01,0.05,0.05,0.1,0.1,1.5766119807831387,0.0",13.0,10,"prune-sequence-take-second"
3,1,20,579,7.293761432343711E7,-1.0,-1.0,scratch,repertoire,10000,0.9,0.75,0.1,"3565,false,0.7864975769259129,0.7,1.0,0.5,-29.66031961668753,200.0,420.3761619218307,80.0,3.4235400894285313,1.5384615384615385,2.0,3.2,0.05,0.01,0.05,0.05,0.1,0.1,1.5766119807831387,0.0",17.0,10,"prune-sequence-take-second"
3,2,20,1332,7.292596926503965E7,-1.0,-1.0,scratch,repertoire,10000,0.9,0.75,0.1,"3565,false,0.7864975769259129,0.7,1.0,0.5,-29.66031961668753,200.0,420.3761619218307,80.0,3.4235400894285313,1.5384615384615385,2.0,3.2,0.05,0.01,0.05,0.05,0.1,0.1,1.5766119807831387,0.0",19.0,10,"prune-sequence-take-second"
3,3,20,2006,7.291432420664221E7,-1.0,-1.0,scratch,repertoire,10000,0.9,0.75,0.1,"3565,false,0.7864975769259129,0.7,1.0,0.5,-29.66031961668753,200.0,420.3761619218307,80.0,3.4235400894285313,1.5384615384615385,2.0,3.2,0.05,0.01,0.05,0.05,0.1,0.1,1.5766119807831387,0.0",19.0,10,"prune-sequence-take-second"
3,4,17,2060,7.556381307739745E7,-1.0,-1.0,scratch,repertoire,10000,0.9,0.75,0.1,"3565,false,0.7864975769259129,0.7,1.0,0.5,-29.66031961668753,200.0,420.3761619218307,80.0,3.4235400894285313,1.5384615384615385,2.0,3.2,0.05,0.01,0.05,0.05,0.1,0.1,1.5766119807831387,0.0",19.0,10,"prune-sequence-take-second"
3,5,17,2183,7.55516488591449E7,-1.0,-1.0,scratch,repertoire,10000,0.9,0.75,0.1,"3565,false,0.7864975769259129,0.7,1.0,0.5,-29.66031961668753,200.0,420.3761619218307,80.0,3.4235400894285313,1.5384615384615385,2.0,3.2,0.05,0.01,0.05,0.05,0.1,0.1,1.5766119807831387,0.0",19.0,10,"prune-sequence-take-second"
3,6,17,2375,7.553948464089233E7,-1.0,-1.0,scratch,repertoire,10000,0.9,0.75,0.1,"3565,false,0.7864975769259129,0.7,1.0,0.5,-29.66031961668753,200.0,420.3761619218307,80.0,3.4235400894285313,1.5384615384615385,2.0,3.2,0.05,0.01,0.05,0.05,0.1,0.1,1.5766119807831387,0.0",19.0,10,"prune-sequence-take-second"
3,7,17,2787,7.552123831351349E7,-1.0,-1.0,scratch,repertoire,10000,0.9,0.75,0.1,"3565,false,0.7864975769259129,0.7,1.0,0.5,-29.66031961668753,200.0,420.3761619218307,80.0,3.4235400894285313,1.5384615384615385,2.0,3.2,0.05,0.01,0.05,0.05,0.1,0.1,1.5766119807831387,0.0",20.0,10,"prune-sequence-take-second"
3,8,17,3818,7.549690987700836E7,-1.0,-1.0,scratch,repertoire,10000,0.9,0.75,0.1,"3565,false,0.7864975769259129,0.7,1.0,0.5,-29.66031961668753,200.0,420.3761619218307,80.0,3.4235400894285313,1.5384615384615385,2.0,3.2,0.05,0.01,0.05,0.05,0.1,0.1,1.5766119807831387,0.0",21.0,10,"prune-sequence-take-second"
3,9,17,4904,7.546649933137697E7,-1.0,-1.0,scratch,repertoire,10000,0.9,0.75,0.1,"3565,false,0.7864975769259129,0.7,1.0,0.5,-29.66031961668753,200.0,420.3761619218307,80.0,3.4235400894285313,1.5384615384615385,2.0,3.2,0.05,0.01,0.05,0.05,0.1,0.1,1.5766119807831387,0.0",20.0,10,"prune-sequence-take-second"
3,10,20,5877,7.567635358367635E7,-1.0,-1.0,scratch,repertoire,10000,0.9,0.75,0.1,"3565,false,0.7864975769259129,0.7,1.0,0.5,-29.66031961668753,200.0,420.3761619218307,80.0,3.4235400894285313,1.5384615384615385,2.0,3.2,0.05,0.01,0.05,0.05,0.1,0.1,1.5766119807831387,0.0",19.0,10,"prune-sequence-take-second"
3,11,20,7728,7.600229549082544E7,-1.0,-1.0,scratch,repertoire,10000,0.9,0.75,0.1,"3565,false,0.7864975769259129,0.7,1.0,0.5,-29.66031961668753,200.0,420.3761619218307,80.0,3.4235400894285313,1.5384615384615385,2.0,3.2,0.05,0.01,0.05,0.05,0.1,0.1,1.5766119807831387,0.0",17.0,10,"prune-sequence-take-second"
3,12,20,8200,7.594696235703589E7,-1.0,-1.0,scratch,repertoire,10000,0.9,0.75,0.1,"3565,false,0.7864975769259129,0.7,1.0,0.5,-29.66031961668753,200.0,420.3761619218307,80.0,3.4235400894285313,1.5384615384615385,2.0,3.2,0.05,0.01,0.05,0.05,0.1,0.1,1.5766119807831387,0.0",17.0,10,"prune-sequence-take-second"
3,13,20,11038,7.587933297129312E7,-1.0,-1.0,scratch,repertoire,10000,0.9,0.75,0.1,"3565,false,0.7864975769259129,0.7,1.0,0.5,-29.66031961668753,200.0,420.3761619218307,80.0,3.4235400894285313,1.5384615384615385,2.0,3.2,0.05,0.01,0.05,0.05,0.1,0.1,1.5766119807831387,0.0",17.0,10,"prune-sequence-take-second"
3,14,20,13172,7.579940733359711E7,-1.0,-1.0,scratch,repertoire,10000,0.9,0.75,0.1,"3565,false,0.7864975769259129,0.7,1.0,0.5,-29.66031961668753,200.0,420.3761619218307,80.0,3.4235400894285313,1.5384615384615385,2.0,3.2,0.05,0.01,0.05,0.05,0.1,0.1,1.5766119807831387,0.0",17.0,10,"prune-sequence-take-second"
4,0,17,258,2.9530606680857353E7,-1.0,-1.0,scratch,repertoire,10000,0.9,0.75,0.1,"1000,false,0.5,0.7,1.0,0.5,150.0,200.0,300.0,80.0,3.0,1.5384615384615385,2.0,4.417789838903504,0.05,0.01,0.05,0.05,0.1,0.1,1.0,0.0",13.0,1,"prune-sequence-take-second"
4,1,17,452,2.9530606680857353E7,-1.0,-1.0,scratch,repertoire,10000,0.9,0.75,0.1,"1000,false,0.5,0.7,1.0,0.5,150.0,200.0,300.0,80.0,3.0,1.5384615384615385,2.0,4.417789838903504,0.05,0.01,0.05,0.05,0.1,0.1,1.0,0.0",16.0,1,"prune-sequence-take-second"
4,2,20,1055,2.9551785019436568E7,-1.0,-1.0,scratch,repertoire,10000,0.9,0.75,0.1,"1000,false,0.5,0.7,1.0,0.5,150.0,200.0,300.0,80.0,3.0,1.5384615384615385,2.0,4.417789838903504,0.05,0.01,0.05,0.05,0.1,0.1,1.0,0.0",18.0,1,"prune-sequence-take-second"
4,3,20,1712,2.9547798510502886E7,-1.0,-1.0,scratch,repertoire,10000,0.9,0.75,0.1,"1000,false,0.5,0.7,1.0,0.5,150.0,200.0,300.0,80.0,3.0,1.5384615384615385,2.0,4.417789838903504,0.05,0.01,0.05,0.05,0.1,0.1,1.0,0.0",19.0,1,"prune-sequence-take-second"
4,4,20,2596,2.9559805718692295E7,-1.0,-1.0,scratch,repertoire,10000,0.9,0.75,0.1,"1000,false,0.5,0.7,1.0,0.5,150.0,200.0,300.0,80.0,3.0,1.5384615384615385,2.0,4.417789838903504,0.05,0.01,0.05,0.05,0.1,0.1,1.0,0.0",20.0,1,"prune-sequence-take-second"
4,5,20,3446,2.9553822756070267E7,-1.0,-1.0,scratch,repertoire,10000,0.9,0.75,0.1,"1000,false,0.5,0.7,1.0,0.5,150.0,200.0,300.0,80.0,3.0,1.5384615384615385,2.0,4.417789838903504,0.05,0.01,0.05,0.05,0.1,0.1,1.0,0.0",20.0,1,"prune-sequence-take-second"
4,6,16,4256,2.9545845472574227E7,-1.0,-1.0,scratch,repertoire,10000,0.9,0.75,0.1,"1000,false,0.5,0.7,1.0,0.5,150.0,200.0,300.0,80.0,3.0,1.5384615384615385,2.0,4.417789838903504,0.05,0.01,0.05,0.05,0.1,0.1,1.0,0.0",18.0,1,"prune-sequence-take-second"
4,7,20,5115,2.9568528577404283E7,-1.0,-1.0,scratch,repertoire,10000,0.9,0.75,0.1,"1000,false,0.5,0.7,1.0,0.5,150.0,200.0,300.0,80.0,3.0,1.5384615384615385,2.0,4.417789838903504,0.05,0.01,0.05,0.05,0.1,0.1,1.0,0.0",17.0,1,"prune-sequence-take-second"
4,8,20,5454,2.957454542597031E7,-1.0,-1.0,scratch,repertoire,10000,0.9,0.75,0.1,"1000,false,0.5,0.7,1.0,0.5,150.0,200.0,300.0,80.0,3.0,1.5384615384615385,2.0,4.417789838903504,0.05,0.01,0.05,0.05,0.1,0.1,1.0,0.0",18.0,1,"prune-sequence-take-second"
4,9,20,6804,2.956339195321597E7,-1.0,-1.0,scratch,repertoire,10000,0.9,0.75,0.1,"1000,false,0.5,0.7,1.0,0.5,150.0,200.0,300.0,80.0,3.0,1.5384615384615385,2.0,4.417789838903504,0.05,0.01,0.05,0.05,0.1,0.1,1.0,0.0",19.0,1,"prune-sequence-take-second"
4,10,20,8245,2.9547910858181726E7,-1.0,-1.0,scratch,repertoire,10000,0.9,0.75,0.1,"1000,false,0.5,0.7,1.0,0.5,150.0,200.0,300.0,80.0,3.0,1.5384615384615385,2.0,4.417789838903504,0.05,0.01,0.05,0.05,0.1,0.1,1.0,0.0",20.0,1,"prune-sequence-take-second"
4,11,20,9965,2.953159404923132E7,-1.0,-1.0,scratch,repertoire,10000,0.9,0.75,0.1,"1000,false,0.5,0.7,1.0,0.5,150.0,200.0,300.0,80.0,3.0,1.5384615384615385,2.0,4.417789838903504,0.05,0.01,0.05,0.05,0.1,0.1,1.0,0.0",23.0,1,"prune-sequence-take-second"
4,12,20,11339,2.951027045794146E7,-1.0,-1.0,scratch,repertoire,10000,0.9,0.75,0.1,"1000,false,0.5,0.7,1.0,0.5,150.0,200.0,300.0,80.0,3.0,1.5384615384615385,2.0,4.417789838903504,0.05,0.01,0.05,0.05,0.1,0.1,1.0,0.0",27.0,1,"prune-sequence-take-second"
4,13,20,13102,2.9484266182800233E7,-1.0,-1.0,scratch,repertoire,10000,0.9,0.75,0.1,"1000,false,0.5,0.7,1.0,0.5,150.0,200.0,300.0,80.0,3.0,1.5384615384615385,2.0,4.417789838903504,0.05,0.01,0.05,0.05,0.1,0.1,1.0,0.0",29.0,1,"prune-sequence-take-second"
4,14,20,14508,2.945665713385211E7,-1.0,-1.0,scratch,repertoire,10000,0.9,0.75,0.1,"1000,false,0.5,0.7,1.0,0.5,150.0,200.0,300.0,80.0,3.0,1.5384615384615385,2.0,4.417789838903504,0.05,0.01,0.05,0.05,0.1,0.1,1.0,0.0",29.0,1,"prune-sequence-take-second"
4,0,13,283,1.3800476100263128E7,-1.0,-1.0,scratch,repertoire,10000,0.9,0.75,0.1,"1066,false,0.5,0.7,0.2183801077094707,0.5,150.0,200.0,300.0,78.24078742539325,3.0,2.113017947650361,2.0,3.2,0.05,0.004883437440780029,0.05,0.04118245477181977,0.1,0.1,0.4422677481145352,0.410543989413208",13.0,10,"prune-sequence-take-second"
4,1,20,489,1.3871279555768106E7,-1.0,-1.0,scratch,repertoire,10000,0.9,0.75,0.1,"1066,false,0.5,0.7,0.2183801077094707,0.5,150.0,200.0,300.0,78.24078742539325,3.0,2.113017947650361,2.0,3.2,0.05,0.004883437440780029,0.05,0.04118245477181977,0.1,0.1,0.4422677481145352,0.410543989413208",16.0,10,"prune-sequence-take-second"
4,2,20,1222,1.3870010786365287E7,-1.0,-1.0,scratch,repertoire,10000,0.9,0.75,0.1,"1066,false,0.5,0.7,0.2183801077094707,0.5,150.0,200.0,300.0,78.24078742539325,3.0,2.113017947650361,2.0,3.2,0.05,0.004883437440780029,0.05,0.04118245477181977,0.1,0.1,0.4422677481145352,0.410543989413208",18.0,10,"prune-sequence-take-second"
4,3,20,2281,1.3866204478156839E7,-1.0,-1.0,scratch,repertoire,10000,0.9,0.75,0.1,"1066,false,0.5,0.7,0.2183801077094707,0.5,150.0,200.0,300.0,78.24078742539325,3.0,2.113017947650361,2.0,3.2,0.05,0.004883437440780029,0.05,0.04118245477181977,0.1,0.1,0.4422677481145352,0.410543989413208",20.0,10,"prune-sequence-take-second"
4,4,20,3674,1.3862398169948386E7,-1.0,-1.0,scratch,repertoire,10000,0.9,0.75,0.1,"1066,false,0.5,0.7,0.2183801077094707,0.5,150.0,200.0,300.0,78.24078742539325,3.0,2.113017947650361,2.0,3.2,0.05,0.004883437440780029,0.05,0.04118245477181977,0.1,0.1,0.4422677481145352,0.410543989413208",21.0,10,"prune-sequence-take-second"
4,5,20,5439,1.388888351218758E7,-1.0,-1.0,scratch,repertoire,10000,0.9,0.75,0.1,"1066,false,0.5,0.7,0.2183801077094707,0.5,150.0,200.0,300.0,78.24078742539325,3.0,2.113017947650361,2.0,3.2,0.05,0.004883437440780029,0.05,0.04118245477181977,0.1,0.1,0.4422677481145352,0.410543989413208",22.0,10,"prune-sequence-take-second"
4,6,20,9092,1.3877438971587447E7,-1.0,-1.0,scratch,repertoire,10000,0.9,0.75,0.1,"1066,false,0.5,0.7,0.2183801077094707,0.5,150.0,200.0,300.0,78.24078742539325,3.0,2.113017947650361,2.0,3.2,0.05,0.004883437440780029,0.05,0.04118245477181977,0.1,0.1,0.4422677481145352,0.410543989413208",21.0,10,"prune-sequence-take-second"
4,7,20,9881,1.386472281536508E7,-1.0,-1.0,scratch,repertoire,10000,0.9,0.75,0.1,"1066,false,0.5,0.7,0.2183801077094707,0.5,150.0,200.0,300.0,78.24078742539325,3.0,2.113017947650361,2.0,3.2,0.05,0.004883437440780029,0.05,0.04118245477181977,0.1,0.1,0.4422677481145352,0.410543989413208",20.0,10,"prune-sequence-take-second"
4,8,20,11199,1.3850735043520473E7,-1.0,-1.0,scratch,repertoire,10000,0.9,0.75,0.1,"1066,false,0.5,0.7,0.2183801077094707,0.5,150.0,200.0,300.0,78.24078742539325,3.0,2.113017947650361,2.0,3.2,0.05,0.004883437440780029,0.05,0.04118245477181977,0.1,0.1,0.4422677481145352,0.410543989413208",20.0,10,"prune-sequence-take-second"
4,9,20,12818,1.3834204040431391E7,-1.0,-1.0,scratch,repertoire,10000,0.9,0.75,0.1,"1066,false,0.5,0.7,0.2183801077094707,0.5,150.0,200.0,300.0,78.24078742539325,3.0,2.113017947650361,2.0,3.2,0.05,0.004883437440780029,0.05,0.04118245477181977,0.1,0.1,0.4422677481145352,0.410543989413208",20.0,10,"prune-sequence-take-second"
4,10,20,12351,1.3818944652964551E7,-1.0,-1.0,scratch,repertoire,10000,0.9,0.75,0.1,"1066,false,0.5,0.7,0.2183801077094707,0.5,150.0,200.0,300.0,78.24078742539325,3.0,2.113017947650361,2.0,3.2,0.05,0.004883437440780029,0.05,0.04118245477181977,0.1,0.1,0.4422677481145352,0.410543989413208",19.0,10,"prune-sequence-take-second"
4,11,20,12554,1.3815676434875857E7,-1.0,-1.0,scratch,repertoire,10000,0.9,0.75,0.1,"1066,false,0.5,0.7,0.2183801077094707,0.5,150.0,200.0,300.0,78.24078742539325,3.0,2.113017947650361,2.0,3.2,0.05,0.004883437440780029,0.05,0.04118245477181977,0.1,0.1,0.4422677481145352,0.410543989413208",20.0,10,"prune-sequence-take-second"
4,12,20,14388,1.3797843855820663E7,-1.0,-1.0,scratch,repertoire,10000,0.9,0.75,0.1,"1066,false,0.5,0.7,0.2183801077094707,0.5,150.0,200.0,300.0,78.24078742539325,3.0,2.113017947650361,2.0,3.2,0.05,0.004883437440780029,0.05,0.04118245477181977,0.1,0.1,0.4422677481145352,0.410543989413208",21.0,10,"prune-sequence-take-second"
4,13,20,16926,1.3780030921239465E7,-1.0,-1.0,scratch,repertoire,10000,0.9,0.75,0.1,"1066,false,0.5,0.7,0.2183801077094707,0.5,150.0,200.0,300.0,78.24078742539325,3.0,2.113017947650361,2.0,3.2,0.05,0.004883437440780029,0.05,0.04118245477181977,0.1,0.1,0.4422677481145352,0.410543989413208",23.0,10,"prune-sequence-take-second"
4,14,20,18730,1.3755823305424973E7,-1.0,-1.0,scratch,repertoire,10000,0.9,0.75,0.1,"1066,false,0.5,0.7,0.2183801077094707,0.5,150.0,200.0,300.0,78.24078742539325,3.0,2.113017947650361,2.0,3.2,0.05,0.004883437440780029,0.05,0.04118245477181977,0.1,0.1,0.4422677481145352,0.410543989413208",23.0,10,"prune-sequence-take-second"
